{"count":1,"self":2.3917664,"total":23.9064999,"children":{"InitializeActuators":{"count":4,"self":0.003466,"total":0.003466,"children":null},"InitializeSensors":{"count":4,"self":0.0034939999999999997,"total":0.0034939999999999997,"children":null},"AgentSendState":{"count":3967,"self":0.2048663,"total":0.3529131,"children":{"CollectObservations":{"count":3176,"self":0.025141999999999998,"total":0.025141999999999998,"children":null},"WriteActionMask":{"count":3176,"self":0.0010272,"total":0.0010272,"children":null},"RequestDecision":{"count":3176,"self":0.022027099999999997,"total":0.12187759999999999,"children":{"AgentInfo.ToProto":{"count":3176,"self":0.0090631,"total":0.0998505,"children":{"GenerateSensorData":{"count":3176,"self":0.075719,"total":0.09078739999999999,"children":{"RayPerceptionSensor.Perceive":{"count":12704,"self":0.0150684,"total":0.0150684,"children":null}}}}}}}}},"DecideAction":{"count":3967,"self":21.067452799999998,"total":21.0674521,"children":null},"AgentAct":{"count":3967,"self":0.065941199999999991,"total":0.065941199999999991,"children":null},"AgentInfo.ToProto":{"count":241,"self":0.0029987,"total":0.011966899999999999,"children":{"GenerateSensorData":{"count":241,"self":0.0079674,"total":0.0089681999999999991,"children":{"RayPerceptionSensor.Perceive":{"count":964,"self":0.0010008,"total":0.0010008,"children":null}}}}}},"gauges":{"MoveToGoal.CumulativeReward":{"count":241,"max":3.969394,"min":-0.6031725,"runningAverage":0.302369863,"value":3.96184731,"weightedAverage":3.63447022}},"metadata":{"timer_format_version":"0.1.0","start_time_seconds":"1682165590","unity_version":"2021.3.22f1","command_line_arguments":"C:\\Program Files\\Unity\\Hub\\Editor\\2021.3.22f1\\Editor\\Unity.exe -projectpath C:\\Program Files\\Unity\\Platformer -useHub -hubIPC -cloudEnvironment production -licensingIpc LicenseClient-User -hubSessionId 9b3b8b30-e011-11ed-925d-b9bd7c49cb58 -accessToken DuaNZhjCiEclXeBVASC257Y_HM8PaHuXiiRwXhuiqaQ00ff","communication_protocol_version":"1.5.0","com.unity.ml-agents_version":"2.0.1","scene_name":"Training 2","end_time_seconds":"1682165614"}}