{"count":1,"self":110.5484032,"total":2168.5053743999997,"children":{"InitializeActuators":{"count":4,"self":0.0025001,"total":0.0025001,"children":null},"InitializeSensors":{"count":4,"self":0.0029981,"total":0.0029981,"children":null},"AgentSendState":{"count":380001,"self":21.1965312,"total":35.8417398,"children":{"CollectObservations":{"count":304004,"self":3.2655833999999997,"total":3.2655833999999997,"children":null},"WriteActionMask":{"count":304004,"self":0.32349819999999996,"total":0.32349819999999996,"children":null},"RequestDecision":{"count":304004,"self":1.3795689,"total":11.0561271,"children":{"AgentInfo.ToProto":{"count":304004,"self":1.211676,"total":9.6765581999999988,"children":{"GenerateSensorData":{"count":304004,"self":6.5891892,"total":8.4648822,"children":{"RayPerceptionSensor.Perceive":{"count":1216016,"self":1.8756928,"total":1.8756929,"children":null}}}}}}}}},"DecideAction":{"count":380001,"self":2017.7102848,"total":2017.7102615,"children":null},"AgentAct":{"count":380001,"self":3.9920943999999996,"total":3.9920945,"children":null},"AgentInfo.ToProto":{"count":10151,"self":0.0799005,"total":0.4053717,"children":{"GenerateSensorData":{"count":10151,"self":0.25352169999999996,"total":0.32547119999999996,"children":{"RayPerceptionSensor.Perceive":{"count":40604,"self":0.0719495,"total":0.0719495,"children":null}}}}}},"gauges":{"MoveToGoal.CumulativeReward":{"count":10151,"max":3.970648,"min":-0.180416778,"runningAverage":0.9401276,"value":3.96113229,"weightedAverage":3.75442886}},"metadata":{"timer_format_version":"0.1.0","start_time_seconds":"1682165699","unity_version":"2021.3.22f1","command_line_arguments":"C:\\Program Files\\Unity\\Hub\\Editor\\2021.3.22f1\\Editor\\Unity.exe -projectpath C:\\Program Files\\Unity\\Platformer -useHub -hubIPC -cloudEnvironment production -licensingIpc LicenseClient-User -hubSessionId 9b3b8b30-e011-11ed-925d-b9bd7c49cb58 -accessToken DuaNZhjCiEclXeBVASC257Y_HM8PaHuXiiRwXhuiqaQ00ff","communication_protocol_version":"1.5.0","com.unity.ml-agents_version":"2.0.1","scene_name":"Training 3","end_time_seconds":"1682167867"}}