{"count":1,"self":70.3172672,"total":1254.0370304,"children":{"InitializeActuators":{"count":4,"self":0.0030015999999999997,"total":0.0030015999999999997,"children":null},"InitializeSensors":{"count":4,"self":0.0054982999999999994,"total":0.0054982999999999994,"children":null},"AgentSendState":{"count":221834,"self":10.990378399999999,"total":19.1693548,"children":{"CollectObservations":{"count":177468,"self":1.843456,"total":1.8434559,"children":null},"WriteActionMask":{"count":177468,"self":0.17445629999999998,"total":0.17445629999999998,"children":null},"RequestDecision":{"count":177468,"self":0.7829619,"total":6.1610641,"children":{"AgentInfo.ToProto":{"count":177468,"self":0.6389296,"total":5.3781022,"children":{"GenerateSensorData":{"count":177468,"self":3.6821344,"total":4.7391726,"children":{"RayPerceptionSensor.Perceive":{"count":709872,"self":1.0570382,"total":1.0570382,"children":null}}}}}}}}},"DecideAction":{"count":221834,"self":1162.1067776,"total":1162.1067444,"children":null},"AgentAct":{"count":221834,"self":2.0855129999999997,"total":2.0915626,"children":{"AgentInfo.ToProto":{"count":152,"self":0,"total":0.0060496,"children":{"GenerateSensorData":{"count":152,"self":0.0030353999999999997,"total":0.0060496,"children":{"RayPerceptionSensor.Perceive":{"count":608,"self":0.0030142,"total":0.0030142,"children":null}}}}}}},"AgentInfo.ToProto":{"count":8138,"self":0.067866299999999991,"total":0.3431014,"children":{"GenerateSensorData":{"count":8138,"self":0.2089423,"total":0.2752351,"children":{"RayPerceptionSensor.Perceive":{"count":32552,"self":0.0662928,"total":0.0662928,"children":null}}}}}},"gauges":{"MoveToGoal.CumulativeReward":{"count":8290,"max":3.91069651,"min":-1.65720582,"runningAverage":3.455984,"value":-0.0155951232,"weightedAverage":2.917426}},"metadata":{"timer_format_version":"0.1.0","start_time_seconds":"1682164309","unity_version":"2021.3.22f1","command_line_arguments":"C:\\Program Files\\Unity\\Hub\\Editor\\2021.3.22f1\\Editor\\Unity.exe -projectpath C:\\Program Files\\Unity\\Platformer -useHub -hubIPC -cloudEnvironment production -licensingIpc LicenseClient-User -hubSessionId 9b3b8b30-e011-11ed-925d-b9bd7c49cb58 -accessToken DuaNZhjCiEclXeBVASC257Y_HM8PaHuXiiRwXhuiqaQ00ff","communication_protocol_version":"1.5.0","com.unity.ml-agents_version":"2.0.1","scene_name":"Training 1","end_time_seconds":"1682165563"}}