{"count":1,"self":12.527677599999999,"total":226.0520325,"children":{"InitializeActuators":{"count":4,"self":0.0025001,"total":0.0025001,"children":null},"InitializeSensors":{"count":4,"self":0.0025009999999999998,"total":0.0025009999999999998,"children":null},"AgentSendState":{"count":42617,"self":1.9866819999999998,"total":3.3825281,"children":{"CollectObservations":{"count":34096,"self":0.3225299,"total":0.3225299,"children":null},"WriteActionMask":{"count":34096,"self":0.0288252,"total":0.0288252,"children":null},"RequestDecision":{"count":34096,"self":0.1243108,"total":1.044491,"children":{"AgentInfo.ToProto":{"count":34096,"self":0.096694,"total":0.9201802,"children":{"GenerateSensorData":{"count":34096,"self":0.64693459999999992,"total":0.8234862,"children":{"RayPerceptionSensor.Perceive":{"count":136384,"self":0.1765516,"total":0.1765516,"children":null}}}}}}}}},"DecideAction":{"count":42617,"self":209.72756479999998,"total":209.7275627,"children":null},"AgentAct":{"count":42617,"self":0.3745175,"total":0.3745175,"children":null},"AgentInfo.ToProto":{"count":1006,"self":0.0069387999999999993,"total":0.0337453,"children":{"GenerateSensorData":{"count":1006,"self":0.0193237,"total":0.0268065,"children":{"RayPerceptionSensor.Perceive":{"count":4024,"self":0.0074827999999999995,"total":0.0074827999999999995,"children":null}}}}}},"gauges":{"MoveToGoal.CumulativeReward":{"count":1006,"max":3.96057653,"min":-0.137526542,"runningAverage":1.10772753,"value":3.958925,"weightedAverage":3.95895529}},"metadata":{"timer_format_version":"0.1.0","start_time_seconds":"1682315707","unity_version":"2021.3.22f1","command_line_arguments":"C:\\Program Files\\Unity\\Hub\\Editor\\2021.3.22f1\\Editor\\Unity.exe -projectpath C:\\Program Files\\Unity\\Platformer -useHub -hubIPC -cloudEnvironment production -licensingIpc LicenseClient-User -hubSessionId 997d47f0-e257-11ed-a435-d96ca014f752 -accessToken lEtwa1aKER615FQH0qy_QLI0E1jfTsMg08imWPm8d2I00ff","communication_protocol_version":"1.5.0","com.unity.ml-agents_version":"2.0.1","scene_name":"Training 5","end_time_seconds":"1682315933"}}